cell_type	gene_set	R2	MSE	Pearson	e_distance	mv_kde	jaccard_top100
CD4 T cells	CD4 default	0.9234428431093693	0.006594274	0.9618512	2.0996651290106616	0.026017427080043946	0.08695652173913043
