cell_type	gene_set	R2	MSE	Pearson	e_distance	mv_kde	jaccard_top100
CD4 T cells	CD4 default	0.9236126701533794	0.0065796482	0.9619887	2.114650249481201	0.02602797132014847	0.08695652173913043
